{"cameraMode":{"drawMode":0,"name":"Shaded","section":"Shading Mode"},"sceneLighting":false,"audioPlay":false,"sceneViewState":{"showFog":true,"showMaterialUpdate":false,"showSkybox":true,"showFlares":true,"showImageEffects":true,"showParticleSystems":true},"in2DMode":false,"pivot":{"x":912.9620971679688,"y":24.807964324951173,"z":237.27781677246095},"rotation":{"x":-0.3338714838027954,"y":0.6428394317626953,"z":-0.3682488799095154,"w":-0.5828421711921692},"size":203.95654296875,"orthographic":false}